"champion","spell1","spell2","win","kills","deaths","assists","totalDamageDealt","goldEarned","champLevel","totalMinionsKilled","item0","item1","time","gameId"
"202","4","7","True","10","2","8","181985","13500","14","232","3009","3031","1599598191768","3567668610"
"245","4","11","True","10","0","6","138514","11095","14","25","1058","3152","1599598191768","3567668610"
"43","4","12","True","2","2","7","91498","8797","14","155","1056","3114","1599598191768","3567668610"
"412","14","4","True","1","1","16","26732","7770","12","41","2065","3857","1599598191768","3567668610"
"126","4","12","True","3","4","10","102511","9360","14","147","3179","3142","1599598191768","3567668610"
"517","4","12","False","3","6","0","97419","8084","13","161","2033","3030","1599598191768","3567668610"
"427","11","4","False","1","3","1","419617","7408","12","12","3117","3114","1599598191768","3567668610"
"429","12","4","False","3","5","1","144992","10983","14","218","3153","3181","1599598191768","3567668610"
"80","4","14","False","1","7","3","29680","5798","10","36","3857","3179","1599598191768","3567668610"
"81","4","12","False","1","5","1","113744","8840","13","205","2031","1036","1599598191768","3567668610"
"23","6","4","False","5","4","4","281478","15954","18","271","3031","3074","1598848426019","3556697521"
"43","4","3","False","0","7","12","40016","7677","12","45","0","3860","1598848426019","3556697521"
"51","4","1","False","11","6","3","189635","14367","15","216","3006","3031","1598848426019","3556697521"
"20","14","4","False","3","8","13","140942","11818","16","173","3742","3065","1598848426019","3556697521"
"64","11","4","False","5","6","9","171001","12235","15","43","3179","2055","1598848426019","3556697521"
"22","4","12","True","4","10","11","139520","12077","15","191","0","3085","1598848426019","3556697521"
"104","4","11","True","12","2","11","254962","17653","17","84","3047","3179","1598848426019","3556697521"
"350","3","7","True","3","3","21","16464","9823","15","6","3853","3174","1598848426019","3556697521"
"517","4","12","True","8","7","9","165976","14529","17","191","3158","1082","1598848426019","3556697521"
"85","12","4","True","4","2","11","206687","14157","18","281","3907","3152","1598848426019","3556697521"
"81","4","12","True","11","5","7","186509","14400","15","229","1053","3158","1598681126494","3554350484"
"497","4","3","True","1","3","24","21412","7665","12","32","2065","3050","1598681126494","3554350484"
"64","4","11","True","5","7","16","109135","9369","13","12","2420","2055","1598681126494","3554350484"
"20","14","4","True","8","4","13","110489","11543","15","137","1082","3020","1598681126494","3554350484"
"14","4","12","True","3","3","8","101263","8878","14","142","1054","3047","1598681126494","3554350484"
"38","4","12","False","9","5","4","123252","11680","14","175","3100","3040","1598681126494","3554350484"
"150","12","4","False","3","4","4","132744","11442","14","176","3111","3052","1598681126494","3554350484"
"429","4","7","False","3","8","4","126617","10411","12","200","3006","3153","1598681126494","3554350484"
"875","4","14","False","3","5","3","21708","6570","10","36","2031","3857","1598681126494","3554350484"
"2","4","11","False","4","6","5","155854","10216","13","15","1400","3047","1598681126494","3554350484"
"79","11","4","True","4","2","15","201641","12906","16","22","3157","1052","1598593827416","3552988878"
"157","4","14","True","12","3","4","199258","15846","17","234","3046","3026","1598593827416","3552988878"
"517","4","12","True","7","4","4","141554","13438","17","226","0","3030","1598593827416","3552988878"
"429","7","4","True","6","8","6","167913","13682","15","218","3085","3153","1598593827416","3552988878"
"44","4","3","True","1","4","16","28889","8824","14","35","2065","2055","1598593827416","3552988878"
"22","4","7","False","4","8","11","163608","12888","15","223","3006","3153","1598593827416","3552988878"
"43","4","14","False","3","6","13","36251","8633","13","24","3504","3853","1598593827416","3552988878"
"81","4","12","False","4","7","4","171543","11873","15","227","3812","2031","1598593827416","3552988878"
"85","14","4","False","4","4","3","166190","12158","16","262","3108","3152","1598593827416","3552988878"
"2","4","11","False","6","5","6","184580","12876","15","46","3143","3047","1598593827416","3552988878"
"63","4","14","False","1","4","1","52732","6052","12","147","1056","1056","1598506770976","3551859968"
"76","11","4","False","1","4","1","85617","5797","10","21","1414","3028","1598506770976","3551859968"
"51","4","7","False","1","4","1","70806","7063","10","150","1055","3006","1598506770976","3551859968"
"223","4","3","False","1","4","1","11811","4040","8","27","1031","2424","1598506770976","3551859968"
"114","12","4","False","1","4","0","73535","7018","12","158","1054","1055","1598506770976","3551859968"
"497","14","4","True","1","2","12","13547","5710","10","6","3851","3009","1598506770976","3551859968"
"876","11","4","True","0","1","6","110718","6866","11","11","3151","2031","1598506770976","3551859968"
"39","4","14","True","9","1","1","117990","9916","13","174","3078","2033","1598506770976","3551859968"
"429","4","7","True","6","0","4","84372","8868","11","175","3006","3153","1598506770976","3551859968"
"875","6","12","True","4","1","2","84628","8241","13","145","1054","3047","1598506770976","3551859968"
"164","12","4","True","10","1","3","109318","12254","15","212","1054","3133","1598406076094","3550036459"
"3","3","4","True","1","3","13","23022","5881","11","28","0","3105","1598406076094","3550036459"
"235","1","4","True","3","4","8","71114","9149","12","189","1055","3042","1598406076094","3550036459"
"104","11","4","True","6","2","9","154948","10417","14","21","2031","0","1598406076094","3550036459"
"61","12","4","True","1","1","9","153093","9874","15","231","3285","3020","1598406076094","3550036459"
"236","4","7","False","3","4","1","114406","9614","13","230","3006","3153","1598406076094","3550036459"
"89","4","14","False","1","5","6","12679","5779","10","28","3117","3857","1598406076094","3550036459"
"84","4","12","False","5","3","2","103074","10486","14","208","1058","0","1598406076094","3550036459"
"79","11","4","False","2","3","5","139043","8035","12","27","3020","1402","1598406076094","3550036459"
"157","4","12","False","0","6","3","87036","7013","13","169","1055","3006","1598406076094","3550036459"
"4","4","12","False","6","6","8","133405","12008","15","194","2033","3157","1598403943279","3549949507"
"39","4","12","False","9","4","4","178483","15217","16","233","3091","2055","1598403943279","3549949507"
"20","11","4","False","1","8","14","170316","9337","15","41","1401","3109","1598403943279","3549949507"
"22","4","7","False","3","5","4","157668","11258","14","236","3153","3006","1598403943279","3549949507"
"43","14","4","False","0","3","11","23059","6057","13","16","3853","3114","1598403943279","3549949507"
"2","4","11","True","4","1","13","149371","10505","15","17","2055","3047","1598403943279","3549949507"
"236","1","4","True","12","4","5","213950","15867","17","242","3123","3031","1598403943279","3549949507"
"517","12","4","True","6","8","8","121065","12228","16","156","2055","3030","1598403943279","3549949507"
"51","4","1","True","4","2","7","179140","12568","15","232","3006","3031","1598403943279","3549949507"
"432","4","14","True","0","4","15","24634","7325","13","35","3222","3860","1598403943279","3549949507"
"58","4","12","False","0","6","0","56867","5010","10","107","2031","3144","1598401643327","3549952470"
"22","4","7","False","1","2","4","66580","7190","11","162","3006","1018","1598401643327","3549952470"
"3","4","12","False","0","4","3","54117","5282","11","108","3152","3009","1598401643327","3549952470"
"76","4","11","False","8","7","3","88164","8222","11","5","2031","3100","1598401643327","3549952470"
"432","14","4","False","3","3","5","17544","5791","10","35","3009","3860","1598401643327","3549952470"
"92","4","12","True","8","0","2","100000","10469","13","182","1055","3812","1598401643327","3549952470"
"20","11","4","True","1","2","13","127077","7860","13","14","1401","3082","1598401643327","3549952470"
"61","4","12","True","8","2","5","87107","10009","13","158","3285","0","1598401643327","3549952470"
"51","4","7","True","4","4","5","90672","8497","11","162","1055","3031","1598401643327","3549952470"
"43","14","4","True","1","4","5","13157","5135","9","12","3851","3222","1598401643327","3549952470"
"91","14","4","True","10","0","5","83399","8602","11","122","2031","3117","1598338072590","3549158202"
"164","12","4","True","5","3","4","44057","6430","11","92","3044","3047","1598338072590","3549158202"
"98","3","4","True","2","1","9","14925","5057","9","27","2031","3855","1598338072590","3549158202"
"235","7","4","True","5","1","12","67740","8612","11","134","1055","2422","1598338072590","3549158202"
"30","4","11","True","2","0","3","146896","7887","13","41","3020","1082","1598338072590","3549158202"
"107","14","4","False","3","4","0","60906","6790","10","117","3077","1055","1598338072590","3549158202"
"12","14","4","False","1","6","2","10621","4075","7","19","0","3105","1598338072590","3549158202"
"79","4","14","False","0","3","0","49255","4791","10","114","3802","1056","1598338072590","3549158202"
"245","11","4","False","0","2","0","92120","5240","10","15","1402","2031","1598338072590","3549158202"
"51","7","4","False","1","9","1","42112","4569","9","78","2031","1055","1598338072590","3549158202"
"45","12","4","False","4","3","0","61563","6869","12","136","1026","1056","1598318796015","3548467242"
"126","4","12","False","1","3","1","69421","5829","12","125","0","3004","1598318796015","3548467242"
"202","4","7","False","2","4","3","65146","6522","10","144","1055","1018","1598318796015","3548467242"
"143","4","3","False","0","5","3","17401","4052","8","14","3020","3136","1598318796015","3548467242"
"28","11","4","False","0","4","2","101340","5427","10","4","1402","2031","1598318796015","3548467242"
"76","4","11","True","8","1","4","116931","8792","12","12","1414","2031","1598318796015","3548467242"
"61","12","4","True","2","2","8","65863","6981","12","136","3111","3040","1598318796015","3548467242"
"19","4","21","True","4","1","0","79171","7693","13","150","1054","3748","1598318796015","3548467242"
"51","4","7","True","4","1","5","102252","9277","11","176","3006","3031","1598318796015","3548467242"
"432","4","3","True","1","2","7","18799","4997","10","20","3222","3859","1598318796015","3548467242"
"517","12","4","False","4","9","12","78779","9223","14","128","0","3026","1598315390464","3548385514"
"875","14","4","False","5","9","9","29512","8727","13","36","3857","2055","1598315390464","3548385514"
"92","4","12","False","6","7","6","83171","9905","14","155","3812","1037","1598315390464","3548385514"
"120","11","14","False","3","10","3","131658","8549","13","56","1412","2031","1598315390464","3548385514"
"45","12","4","False","9","8","9","134674","12905","15","196","3020","1056","1598315390464","3548385514"
"3","4","12","True","14","6","10","101164","12589","16","121","3157","3152","1598315390464","3548385514"
"98","4","14","True","4","5","12","93463","10161","15","135","1054","3748","1598315390464","3548385514"
"30","4","11","True","11","4","18","264967","15189","17","37","1402","3157","1598315390464","3548385514"
"51","4","7","True","13","6","11","248714","17582","16","267","3006","3031","1598315390464","3548385514"
"25","4","14","True","1","6","21","39810","9247","13","23","3114","3853","1598315390464","3548385514"
"91","14","4","True","10","5","7","99099","12023","15","150","2033","3142","1598247661370","3547534836"
"51","4","7","True","5","2","12","214144","14362","15","247","3006","3095","1598247661370","3547534836"
"99","4","3","True","4","3","12","32872","9167","13","18","3504","3853","1598247661370","3547534836"
"98","12","4","True","6","2","9","151406","12756","17","195","1054","3068","1598247661370","3547534836"
"876","4","11","True","6","1","6","227924","12676","16","41","2421","0","1598247661370","3547534836"
"39","4","12","False","2","4","4","162389","11633","15","255","3078","2033","1598247661370","3547534836"
"28","4","11","False","3","8","6","130058","9576","13","12","1402","3089","1598247661370","3547534836"
"164","12","4","False","3","7","5","147431","10661","15","186","3074","3078","1598247661370","3547534836"
"134","4","1","False","1","6","2","119122","8913","13","202","3151","0","1598247661370","3547534836"
"235","7","4","False","4","6","4","28991","7873","12","38","3108","3864","1598247661370","3547534836"
"51","4","7","True","2","1","2","95674","8894","12","190","3006","1018","1598244691126","3547522942"
"412","4","3","True","0","1","6","18942","5753","11","31","2031","3857","1598244691126","3547522942"
"84","4","12","True","8","1","7","98581","10775","14","184","0","3020","1598244691126","3547522942"
"28","4","11","True","5","2","4","143396","9156","14","14","1402","3020","1598244691126","3547522942"
"164","4","12","True","5","2","5","92638","9309","14","149","3812","0","1598244691126","3547522942"
"58","4","12","False","2","4","1","100796","8497","13","161","3153","3071","1598244691126","3547522942"
"202","4","7","False","2","3","1","113096","8991","11","202","3031","3094","1598244691126","3547522942"
"80","4","14","False","2","5","1","27127","5710","10","39","3857","3111","1598244691126","3547522942"
"76","4","11","False","1","6","2","110975","7022","11","6","1414","3111","1598244691126","3547522942"
"875","6","4","False","0","2","0","83430","7797","13","165","3111","3751","1598244691126","3547522942"
"28","4","11","True","11","4","6","171118","12075","15","18","0","3020","1598242597493","3547427995"
"164","4","12","True","0","5","4","164333","10975","15","207","3074","3111","1598242597493","3547427995"
"412","4","3","True","2","2","18","19521","8081","13","35","3857","3050","1598242597493","3547427995"
"8","4","14","True","5","2","7","154882","11245","16","213","3108","3907","1598242597493","3547427995"
"498","7","4","True","8","2","9","155382","12973","14","224","3031","3508","1598242597493","3547427995"
"81","4","7","False","3","7","4","112095","11197","13","212","3158","3025","1598242597493","3547427995"
"432","4","3","False","2","6","6","35486","6815","12","48","3190","3860","1598242597493","3547427995"
"45","4","12","False","3","5","3","111518","9487","14","194","3030","3905","1598242597493","3547427995"
"82","4","12","False","4","4","5","135123","11222","15","186","1011","3111","1598242597493","3547427995"
"64","11","4","False","3","4","6","154846","10004","14","38","3155","1400","1598242597493","3547427995"
"84","4","12","True","0","0","1","44226","4815","11","120","0","3146","1598237834486","3547342141"
"4","4","12","True","5","1","4","69935","8435","11","133","3157","2033","1598237834486","3547342141"
"104","4","11","True","3","0","4","87438","6023","10","7","1412","3047","1598237834486","3547342141"
"432","4","3","True","4","1","7","11002","5562","8","9","0","3853","1598237834486","3547342141"
"51","4","1","True","1","3","5","41480","5241","9","98","1083","3031","1598237834486","3547342141"
"120","11","6","False","1","4","0","78028","5324","9","10","1401","2031","1598237834486","3547342141"
"235","4","7","False","2","4","1","36923","5538","8","114","3009","3004","1598237834486","3547342141"
"25","4","14","False","1","3","3","12898","4065","8","7","2031","3851","1598237834486","3547342141"
"24","4","12","False","0","1","0","53311","5061","11","109","2033","3155","1598237834486","3547342141"
"1","4","6","False","0","1","0","37944","4369","10","104","1056","3020","1598237834486","3547342141"
"121","4","11","True","3","5","10","172640","10603","15","12","1412","1001","1598163720214","3546186260"
"235","7","4","True","7","2","10","159317","13048","15","216","3086","2421","1598163720214","3546186260"
"105","4","14","True","10","2","3","174367","15177","16","271","3100","3041","1598163720214","3546186260"
"44","4","3","True","1","3","17","45361","8216","14","45","2065","0","1598163720214","3546186260"
"236","12","4","True","4","7","7","158963","12294","15","221","3153","1055","1598163720214","3546186260"
"81","4","7","False","2","6","8","152504","11848","14","244","3158","3025","1598163720214","3546186260"
"142","14","4","False","7","4","6","161479","12195","15","211","3020","3165","1598163720214","3546186260"
"62","4","12","False","6","4","6","143243","13420","16","188","3077","2421","1598163720214","3546186260"
"111","14","4","False","1","7","6","25813","7576","12","28","3193","3009","1598163720214","3546186260"
"875","4","11","False","3","4","10","145949","10635","14","26","3047","3083","1598163720214","3546186260"
"202","4","7","True","7","3","6","110643","10880","13","172","3031","3094","1598158607911","3546080756"
"104","11","14","True","4","3","12","185895","11559","15","48","1400","3155","1598158607911","3546080756"
"236","4","14","True","6","3","5","141755","11082","15","181","3006","3031","1598158607911","3546080756"
"432","4","14","True","1","4","14","21584","6721","12","31","3114","3009","1598158607911","3546080756"
"517","12","4","True","5","5","3","66811","8657","13","132","1056","1052","1598158607911","3546080756"
"84","4","12","False","6","3","2","117825","9846","15","191","3146","0","1598158607911","3546080756"
"429","4","14","False","2","7","3","86134","8673","13","175","3085","3047","1598158607911","3546080756"
"51","4","7","False","7","4","2","149408","11955","13","225","3006","3031","1598158607911","3546080756"
"412","4","14","False","1","6","8","20415","6214","11","28","1031","3857","1598158607911","3546080756"
"876","4","11","False","2","3","3","159533","8090","13","17","1402","3047","1598158607911","3546080756"
"432","4","3","False","3","6","13","17125","8216","13","35","3860","3222","1598155324053","3545839373"
"876","4","12","False","4","7","6","148770","11232","16","204","3157","3742","1598155324053","3545839373"
"81","4","12","False","4","7","9","192863","13076","15","243","3812","3144","1598155324053","3545839373"
"142","14","4","False","4","8","7","166712","12844","15","205","3135","3285","1598155324053","3545839373"
"104","4","11","False","6","3","6","266137","14023","17","64","3814","3179","1598155324053","3545839373"
"875","6","4","True","10","2","10","174778","14660","18","263","3111","3078","1598155324053","3545839373"
"76","4","11","True","5","6","15","243913","13368","17","41","3157","3174","1598155324053","3545839373"
"126","12","4","True","7","6","11","149315","13845","17","206","3036","3142","1598155324053","3545839373"
"51","4","7","True","8","2","8","295513","17069","17","321","3006","3031","1598155324053","3545839373"
"412","4","14","True","1","5","18","23040","8432","15","30","3222","3857","1598155324053","3545839373"
"23","6","4","False","1","2","0","17300","3850","9","68","3144","0","1598072625657","3544535873"
"235","4","7","False","1","3","0","26060","4464","8","95","2422","1055","1598072625657","3544535873"
"201","4","3","False","0","3","1","12201","3173","7","27","2031","3855","1598072625657","3544535873"
"104","11","14","False","0","3","0","66660","4195","8","6","1412","0","1598072625657","3544535873"
"111","4","12","False","0","6","0","44396","3997","9","92","1056","3010","1598072625657","3544535873"
"412","4","14","True","1","0","9","13873","4852","9","17","3855","0","1598072625657","3544535873"
"523","4","7","True","3","1","1","69376","7281","9","128","0","2031","1598072625657","3544535873"
"4","4","12","True","5","0","5","71536","7751","11","128","3157","2033","1598072625657","3544535873"
"876","11","4","True","6","0","3","79650","6837","10","16","3136","2031","1598072625657","3544535873"
"133","3","4","True","2","1","1","47549","7067","11","124","3153","1083","1598072625657","3544535873"
"106","4","11","True","8","0","4","74938","7413","10","11","1401","0","1598067208429","3544444735"
"142","4","7","True","3","0","3","57738","5824","11","123","3285","0","1598067208429","3544444735"
"432","4","14","True","2","2","7","10036","3883","8","15","3859","0","1598067208429","3544444735"
"202","4","7","True","1","1","8","50304","6024","10","121","1055","3031","1598067208429","3544444735"
"8","4","12","True","3","0","3","77652","7111","11","134","1056","3108","1598067208429","3544444735"
"27","6","4","False","0","5","0","49142","4488","10","104","2033","1082","1598067208429","3544444735"
"876","4","11","False","2","2","1","77859","5325","9","7","1402","3158","1598067208429","3544444735"
"236","1","4","False","0","1","0","59065","4961","10","139","0","2033","1598067208429","3544444735"
"429","4","7","False","1","4","1","37780","5127","8","114","3006","3144","1598067208429","3544444735"
"412","4","14","False","0","5","3","8284","3471","7","21","2031","3855","1598067208429","3544444735"
"157","4","14","True","12","2","6","160125","13249","15","206","1055","3046","1598064386497","3544336329"
"235","4","7","True","10","0","22","129168","14507","15","201","3035","3006","1598064386497","3544336329"
"111","4","14","True","2","3","19","34626","8060","13","31","3109","3193","1598064386497","3544336329"
"14","12","4","True","2","4","19","83037","9179","15","121","1054","3068","1598064386497","3544336329"
"79","4","11","True","9","3","14","140897","11173","14","15","3157","3020","1598064386497","3544336329"
"2","4","11","False","4","9","3","142096","8865","12","17","2055","1400","1598064386497","3544336329"
"82","4","12","False","5","7","3","152242","11151","14","180","1056","3143","1598064386497","3544336329"
"268","12","4","False","0","7","4","86519","7835","13","180","1056","3136","1598064386497","3544336329"
"429","4","7","False","3","6","2","111071","9518","12","224","3006","3153","1598064386497","3544336329"
"89","4","14","False","0","6","7","21225","5915","11","37","3193","3857","1598064386497","3544336329"
"164","4","12","True","3","3","7","108723","11300","15","195","1055","3812","1597992444911","3543219360"
"9","14","4","True","2","6","13","31389","7653","13","43","3020","3860","1597992444911","3543219360"
"81","7","4","True","3","7","8","117370","10467","14","171","1055","3078","1597992444911","3543219360"
"268","4","12","True","8","1","7","146823","12948","16","211","3020","3151","1597992444911","3543219360"
"104","4","11","True","10","1","9","244855","14849","16","71","3142","3179","1597992444911","3543219360"
"23","14","4","False","1","4","3","141497","9063","14","162","3077","3101","1597992444911","3543219360"
"235","4","7","False","11","5","4","121971","13916","14","232","3009","3147","1597992444911","3543219360"
"89","4","14","False","3","5","12","23669","7560","12","34","3190","3857","1597992444911","3543219360"
"115","12","4","False","2","4","3","148802","10151","15","222","3151","2420","1597992444911","3543219360"
"64","4","11","False","1","8","6","101817","7270","12","12","3109","3067","1597992444911","3543219360"
"121","11","4","True","8","4","7","183209","11355","15","17","1400","3147","1597989237998","3543211704"
"43","4","14","True","2","6","13","26886","7745","12","26","3853","0","1597989237998","3543211704"
"22","4","7","True","3","4","10","139504","11104","15","208","3085","1038","1597989237998","3543211704"
"126","4","12","True","4","6","5","96524","9105","14","159","2033","3142","1597989237998","3543211704"
"876","4","14","True","12","4","6","141339","14520","16","195","3020","3151","1597989237998","3543211704"
"51","4","7","False","7","5","7","172187","13171","14","240","3006","3095","1597989237998","3543211704"
"412","4","14","False","2","5","14","19396","7440","13","30","3222","3857","1597989237998","3543211704"
"517","12","4","False","1","8","5","83901","7418","12","130","3030","3191","1597989237998","3543211704"
"41","12","4","False","7","5","3","187787","12753","15","186","1018","3078","1597989237998","3543211704"
"64","11","4","False","7","6","5","118910","9904","13","29","1412","3047","1597989237998","3543211704"
"876","4","1","True","1","0","3","70276","5251","11","126","2031","1056","1597987980193","3543128224"
"104","11","4","True","6","1","4","91644","7209","11","19","1412","0","1597987980193","3543128224"
"202","3","4","True","4","2","5","49230","5781","9","99","1055","3095","1597987980193","3543128224"
"27","6","4","True","3","2","3","50822","5676","10","97","0","1056","1597987980193","3543128224"
"25","4","7","True","1","1","7","10517","4178","8","5","2424","3851","1597987980193","3543128224"
"58","4","14","False","2","2","0","59285","6034","10","121","2003","3153","1597987980193","3543128224"
"64","4","11","False","1","3","0","70579","4411","8","4","3047","1028","1597987980193","3543128224"
"16","4","21","False","2","3","1","11713","3866","8","5","2031","3851","1597987980193","3543128224"
"429","4","7","False","1","5","1","39388","4989","8","117","0","3153","1597987980193","3543128224"
"127","12","4","False","0","2","0","49110","4488","10","111","2031","1056","1597987980193","3543128224"
"203","11","4","False","2","4","4","105019","7186","11","16","1412","3006","1597985728941","3543121360"
"58","4","14","False","3","2","0","99848","7892","13","165","3158","3153","1597985728941","3543121360"
"142","4","14","False","2","4","1","83097","7447","12","154","3285","2033","1597985728941","3543121360"
"99","4","14","False","0","1","3","9873","4247","9","8","3851","2031","1597985728941","3543121360"
"51","4","7","False","2","2","2","68433","7240","10","144","1055","3031","1597985728941","3543121360"
"81","4","7","True","2","1","1","78194","8318","11","181","3158","3025","1597985728941","3543121360"
"43","4","3","True","0","3","3","21024","5005","9","12","2031","3853","1597985728941","3543121360"
"876","11","4","True","4","3","3","122798","7830","12","26","1402","2031","1597985728941","3543121360"
"23","6","4","True","4","0","2","109432","9570","14","188","3077","3508","1597985728941","3543121360"
"114","4","12","True","3","2","1","78899","8382","13","141","3074","2031","1597985728941","3543121360"
"76","4","11","True","7","2","7","217994","12101","16","33","1414","3116","1597980628315","3542874588"
"236","4","12","True","9","4","5","243763","16360","18","259","3140","3153","1597980628315","3542874588"
"202","4","7","True","11","3","10","263216","16148","17","267","1038","3147","1597980628315","3542874588"
"25","4","14","True","2","6","18","21589","8894","13","24","3905","3009","1597980628315","3542874588"
"142","14","4","True","4","5","10","149013","11554","16","187","3020","3089","1597980628315","3542874588"
"3","4","12","False","3","4","8","106410","8989","15","167","3157","3152","1597980628315","3542874588"
"51","4","7","False","3","7","8","199890","12257","14","265","3006","3031","1597980628315","3542874588"
"99","4","3","False","2","6","7","26567","7439","12","35","3114","3853","1597980628315","3542874588"
"141","4","11","False","11","6","4","169847","13571","15","50","3814","3077","1597980628315","3542874588"
"98","4","14","False","1","10","6","124831","9685","16","196","1054","3748","1597980628315","3542874588"
"142","7","4","False","2","5","4","71415","7191","12","138","3030","2033","1597904432091","3541797619"
"876","4","11","False","4","5","2","93265","7346","10","38","1402","3102","1597904432091","3541797619"
"875","4","14","False","3","5","7","29258","6302","10","45","2055","3855","1597904432091","3541797619"
"157","3","4","False","4","8","6","61309","7545","10","110","1055","1055","1597904432091","3541797619"
"126","12","4","False","4","5","2","81985","8855","12","158","3142","3179","1597904432091","3541797619"
"28","4","11","True","9","2","7","119255","9634","13","16","0","2031","1597904432091","3541797619"
"119","14","4","True","6","5","6","66667","9125","11","118","1038","3072","1597904432091","3541797619"
"84","12","4","True","8","2","4","71128","8867","13","129","3146","2031","1597904432091","3541797619"
"350","7","3","True","0","5","17","5491","5633","11","2","3851","1082","1597904432091","3541797619"
"236","4","1","True","5","3","4","128590","10257","14","187","3006","3153","1597904432091","3541797619"
"80","4","14","False","0","4","2","9920","2600","6","15","3854","2010","1597901601360","3541788769"
"58","12","4","False","0","2","0","20098","3083","7","54","2031","3155","1597901601360","3541788769"
"163","4","7","False","1","7","3","23732","4190","7","65","1082","2033","1597901601360","3541788769"
"98","11","4","False","2","3","1","33389","4135","7","3","1413","2031","1597901601360","3541788769"
"517","12","4","False","3","3","2","28180","5387","9","64","3152","2033","1597901601360","3541788769"
"64","11","4","True","5","1","3","61182","6168","8","9","2055","3134","1597901601360","3541788769"
"84","12","4","True","7","1","2","50048","6540","11","76","3146","3191","1597901601360","3541788769"
"236","14","4","True","3","0","1","57328","7354","10","118","3153","2031","1597901601360","3541788769"
"81","4","1","True","1","3","4","49286","6916","9","124","1001","1027","1597901601360","3541788769"
"43","4","3","True","3","1","4","19650","5067","7","4","2031","3851","1597901601360","3541788769"
"127","4","12","False","7","8","7","213456","14104","18","236","3020","3089","1597898861826","3541722156"
"104","11","4","False","16","6","5","272810","17785","17","106","1400","3156","1597898861826","3541722156"
"266","4","12","False","5","6","11","171968","13353","17","195","3076","3071","1597898861826","3541722156"
"50","12","4","False","3","10","9","85138","9342","15","137","1026","3152","1597898861826","3541722156"
"12","14","4","False","2","8","12","24528","8812","14","37","2055","3050","1597898861826","3541722156"
"236","1","4","True","8","6","6","215588","15812","17","222","3031","3123","1597898861826","3541722156"
"81","4","12","True","15","5","11","218933","17994","17","242","3158","3153","1597898861826","3541722156"
"432","4","3","True","3","4","26","48072","10196","16","31","3094","3860","1597898861826","3541722156"
"268","4","12","True","6","10","9","144049","12482","16","174","3111","2421","1597898861826","3541722156"
"875","4","11","True","6","8","14","156403","12407","16","47","3190","1401","1597898861826","3541722156"
"412","3","4","False","0","3","2","15773","4033","8","26","2424","3855","1597895501502","3541660650"
"22","4","7","False","3","1","1","53033","7930","10","145","3086","3153","1597895501502","3541660650"
"164","4","11","False","2","8","2","54444","5410","9","17","1412","3101","1597895501502","3541660650"
"134","4","14","False","2","7","2","49100","5734","10","112","0","2033","1597895501502","3541660650"
"516","4","12","False","2","6","3","49395","5680","11","101","3001","1054","1597895501502","3541660650"
"875","4","14","True","1","2","7","17618","4898","9","24","3855","3742","1597895501502","3541660650"
"236","4","14","True","5","2","3","77808","7944","12","131","3031","2055","1597895501502","3541660650"
"517","12","4","True","8","3","4","83326","9079","13","143","3152","2033","1597895501502","3541660650"
"429","4","7","True","3","0","4","78752","8198","11","159","3006","3153","1597895501502","3541660650"
"64","11","4","True","8","2","10","85924","8644","12","17","0","2031","1597895501502","3541660650"
"238","4","14","True","3","2","7","36835","5991","10","83","3179","2031","1597891612677","3541555259"
"104","4","11","True","3","2","3","111776","6885","11","11","0","1412","1597891612677","3541555259"
"8","12","4","True","6","0","1","79450","9556","12","149","3907","3108","1597891612677","3541555259"
"80","14","4","True","4","4","6","14317","5263","8","17","3009","3855","1597891612677","3541555259"
"69","12","4","True","7","2","2","53484","7918","10","121","3040","2031","1597891612677","3541555259"
"516","4","12","False","0","3","0","33434","3806","9","77","3010","2031","1597891612677","3541555259"
"76","11","4","False","4","4","2","80454","6596","10","8","1414","3020","1597891612677","3541555259"
"134","4","14","False","2","6","2","34406","4818","9","96","1056","3191","1597891612677","3541555259"
"81","4","7","False","4","5","1","50365","6732","9","137","3158","3057","1597891612677","3541555259"
"43","4","3","False","0","5","7","16536","4037","8","10","3174","3851","1597891612677","3541555259"
"58","4","12","False","3","5","7","148376","11897","16","223","3077","3153","1597812023813","3540173030"
"202","4","7","False","6","7","2","162078","12016","14","235","3094","0","1597812023813","3540173030"
"432","4","14","False","1","7","10","20400","6717","12","32","3117","2065","1597812023813","3540173030"
"72","4","11","False","2","4","10","118951","9478","13","26","1401","3052","1597812023813","3540173030"
"1","4","6","False","8","5","5","87053","10264","14","139","3152","2421","1597812023813","3540173030"
"429","4","7","True","12","4","10","208842","16452","15","219","3006","3153","1597812023813","3540173030"
"412","4","14","True","1","3","20","32197","8643","13","31","3009","3857","1597812023813","3540173030"
"236","4","1","True","9","3","3","183900","13432","16","220","3155","3153","1597812023813","3540173030"
"30","11","4","True","5","3","11","276165","12587","17","47","1402","3089","1597812023813","3540173030"
"133","4","1","True","1","7","4","132587","10766","16","214","3140","3094","1597812023813","3540173030"
"76","4","11","True","4","4","10","144934","10490","15","26","3174","0","1597809242078","3540044687"
"24","4","12","True","7","5","4","93922","10765","14","147","2033","3812","1597809242078","3540044687"
"26","3","4","True","0","2","10","26180","6976","13","41","3222","3860","1597809242078","3540044687"
"51","7","4","True","7","2","5","120870","11413","14","175","1055","3006","1597809242078","3540044687"
"84","4","12","True","3","3","2","107949","9933","15","201","2031","3020","1597809242078","3540044687"
"68","4","12","False","3","5","4","117750","9213","14","181","3157","2031","1597809242078","3540044687"
"236","4","14","False","7","4","4","97496","10993","14","182","3044","2055","1597809242078","3540044687"
"120","6","11","False","2","5","2","170675","8280","13","18","3715","3078","1597809242078","3540044687"
"235","4","7","False","3","3","6","95820","9827","13","201","3009","3042","1597809242078","3540044687"
"25","4","14","False","1","4","9","23301","6452","11","14","3009","3853","1597809242078","3540044687"
"236","4","7","True","13","4","12","179701","14661","15","213","3508","3006","1597801241956","3539859078"
"517","4","12","True","11","2","7","139389","13410","16","191","3030","3157","1597801241956","3539859078"
"106","4","11","True","3","3","20","147172","10597","14","25","1401","3190","1597801241956","3539859078"
"3","12","4","True","7","8","14","110617","11767","14","132","3020","3152","1597801241956","3539859078"
"111","14","4","True","2","5","21","23222","7576","13","31","3860","3111","1597801241956","3539859078"
"8","12","4","False","4","6","9","104836","10728","15","161","3907","3020","1597801241956","3539859078"
"84","4","12","False","4","7","3","116116","9904","15","184","0","2420","1597801241956","3539859078"
"875","4","11","False","4","9","9","115891","9794","13","53","2055","1401","1597801241956","3539859078"
"89","4","14","False","1","7","10","21942","7000","12","36","3860","3050","1597801241956","3539859078"
"81","4","7","False","9","7","6","157033","13979","14","203","3158","3025","1597801241956","3539859078"
"104","4","11","False","4","2","4","178694","9937","14","58","3071","1412","1597729263078","3539096636"
"202","4","7","False","1","5","5","108092","9246","12","193","1054","1038","1597729263078","3539096636"
"143","4","14","False","1","3","3","33419","5907","10","26","3853","2055","1597729263078","3539096636"
"236","4","12","False","2","7","4","106231","8920","13","190","1055","3006","1597729263078","3539096636"
"134","1","4","False","2","3","2","79666","8390","14","184","3111","1058","1597729263078","3539096636"
"142","12","4","True","4","2","3","103862","9239","14","183","1056","2033","1597729263078","3539096636"
"51","4","7","True","4","2","4","129609","10059","13","191","3006","3031","1597729263078","3539096636"
"25","4","14","True","1","4","8","17899","6290","11","13","3114","3853","1597729263078","3539096636"
"85","4","12","True","5","0","7","123303","11609","15","208","3152","3157","1597729263078","3539096636"
"106","11","4","True","6","2","6","146137","10218","14","20","3742","2420","1597729263078","3539096636"
"30","11","14","False","6","6","4","209398","11756","15","86","1402","3089","1597726723777","3539119896"
"875","4","6","False","2","4","3","73343","7832","13","131","1054","1028","1597726723777","3539119896"
"62","4","12","False","6","3","6","108551","11549","14","178","3078","3812","1597726723777","3539119896"
"202","4","7","False","3","6","2","108222","9619","12","153","1055","1018","1597726723777","3539119896"
"432","3","4","False","0","8","6","18822","5839","10","32","3222","3860","1597726723777","3539119896"
"51","4","7","True","7","4","8","198163","14547","14","227","3006","3031","1597726723777","3539119896"
"25","4","14","True","5","3","12","34768","9310","12","22","3504","3853","1597726723777","3539119896"
"58","4","12","True","0","6","5","93540","8468","14","171","0","3044","1597726723777","3539119896"
"2","4","11","True","5","2","6","153779","10647","14","30","3194","3143","1597726723777","3539119896"
"142","14","4","True","10","2","5","133782","12408","16","198","3285","0","1597726723777","3539119896"
"126","12","4","False","16","5","9","204995","17582","17","221","3047","3812","1597720842116","3538982742"
"2","11","4","False","7","7","14","184012","13547","15","68","3026","3047","1597720842116","3538982742"
"45","4","12","False","7","8","11","193911","13018","16","193","3030","3135","1597720842116","3538982742"
"143","14","4","False","4","9","17","83173","9519","15","46","3853","3116","1597720842116","3538982742"
"16","4","1","False","3","2","22","102978","10601","16","159","3174","3504","1597720842116","3538982742"
"555","14","4","True","6","11","7","28352","10315","14","32","3857","3111","1597720842116","3538982742"
"81","4","12","True","14","4","9","260364","18840","18","259","3158","3153","1597720842116","3538982742"
"4","4","12","True","7","6","12","224706","15907","18","237","3100","3165","1597720842116","3538982742"
"62","4","12","True","0","8","9","170029","13377","17","225","3071","3077","1597720842116","3538982742"
"104","11","14","True","4","8","6","212832","12841","16","53","3179","3155","1597720842116","3538982742"
"432","4","14","True","0","7","22","33589","8790","14","40","3860","3190","1597717215248","3538911664"
"141","11","4","True","13","8","11","234460","15403","17","59","3020","1400","1597717215248","3538911664"
"145","4","7","True","9","6","9","185500","15544","17","211","1058","3042","1597717215248","3538911664"
"23","6","4","True","12","5","8","320831","18768","18","262","3033","3144","1597717215248","3538911664"
"7","12","4","True","7","0","17","229609","17449","18","287","3020","3135","1597717215248","3538911664"
"81","4","7","False","6","6","14","224659","15211","17","282","3158","3153","1597717215248","3538911664"
"43","4","3","False","1","9","20","46499","9881","15","22","3504","3853","1597717215248","3538911664"
"76","4","11","False","12","10","4","243620","15355","17","37","3157","3100","1597717215248","3538911664"
"236","4","14","False","5","9","3","250306","15254","17","274","3153","2055","1597717215248","3538911664"
"875","12","4","False","2","7","9","130985","11093","16","165","1029","3193","1597717215248","3538911664"
"2","4","11","False","2","5","3","112887","7066","11","19","2055","3065","1597714865762","3538785650"
"157","4","3","False","5","5","4","68598","7686","10","136","2031","1018","1597714865762","3538785650"
"38","12","4","False","0","2","0","64073","6509","13","178","3020","3027","1597714865762","3538785650"
"412","14","4","False","2","4","5","16204","5564","9","36","3857","2031","1597714865762","3538785650"
"266","4","12","False","1","3","0","69815","6970","13","165","1054","3156","1597714865762","3538785650"
"84","4","12","True","6","0","2","94770","9117","14","196","3146","3191","1597714865762","3538785650"
"42","12","4","True","2","1","2","85286","8112","13","159","1083","3004","1597714865762","3538785650"
"154","4","11","True","0","3","8","94248","6130","11","12","1401","3047","1597714865762","3538785650"
"236","4","7","True","9","1","4","139968","11410","13","202","3006","3153","1597714865762","3538785650"
"43","4","14","True","2","5","13","24990","7039","11","11","2031","3853","1597714865762","3538785650"
"3","4","12","True","4","4","13","85199","9346","13","140","2033","3041","1597646046316","3537756120"
"120","14","12","True","12","1","7","109286","12330","14","138","2033","3052","1597646046316","3537756120"
"106","11","4","True","5","2","8","143652","9777","13","24","1413","1029","1597646046316","3537756120"
"202","1","4","True","6","1","11","131664","10381","13","163","1055","3009","1597646046316","3537756120"
"99","4","7","True","2","6","13","14980","6289","10","23","0","3859","1597646046316","3537756120"
"516","12","4","False","1","6","7","77058","7772","13","130","1054","3373","1597646046316","3537756120"
"4","12","4","False","3","4","3","77156","8147","12","154","3100","3027","1597646046316","3537756120"
"51","4","7","False","4","6","3","107844","9216","11","196","3006","3095","1597646046316","3537756120"
"412","4","14","False","1","5","9","16441","5955","10","31","2031","3857","1597646046316","3537756120"
"64","11","4","False","4","8","6","89755","7156","11","19","1412","2055","1597646046316","3537756120"
"53","4","14","False","2","6","5","16515","5102","9","26","3009","2031","1597643274765","3537730855"
"22","4","7","False","3","3","4","94519","9341","12","188","1055","3508","1597643274765","3537730855"
"113","11","4","False","3","3","6","78561","6899","11","13","3083","0","1597643274765","3537730855"
"875","4","6","False","2","5","2","63543","6895","11","117","0","1054","1597643274765","3537730855"
"62","4","12","False","1","3","3","53796","7646","12","149","3133","1036","1597643274765","3537730855"
"35","14","11","True","4","1","7","102174","7674","11","9","3030","0","1597643274765","3537730855"
"25","4","12","True","1","0","8","70901","6844","13","125","2423","3030","1597643274765","3537730855"
"51","4","1","True","7","3","4","109377","10351","12","172","3006","1038","1597643274765","3537730855"
"412","4","14","True","2","4","11","18347","6483","10","29","1031","3855","1597643274765","3537730855"
"58","4","14","True","6","3","1","112025","9833","14","172","3134","3153","1597643274765","3537730855"
"30","11","14","False","9","9","3","257443","13943","17","62","1402","3020","1597640428746","3537682902"
"246","4","14","False","5","11","7","110485","10750","14","162","3035","3142","1597640428746","3537682902"
"25","4","14","False","0","8","15","26282","8053","14","30","3157","2055","1597640428746","3537682902"
"62","4","12","False","9","8","2","154661","14604","17","231","3047","3053","1597640428746","3537682902"
"51","4","7","False","7","5","5","227843","14831","16","238","3031","3046","1597640428746","3537682902"
"202","4","7","True","10","5","12","286904","17354","17","263","3009","3031","1597640428746","3537682902"
"43","4","14","True","3","5","20","39090","9971","15","30","3174","3853","1597640428746","3537682902"
"203","4","11","True","11","8","12","208674","14928","17","38","1412","3085","1597640428746","3537682902"
"7","14","4","True","9","7","8","131427","13729","17","196","1082","3089","1597640428746","3537682902"
"126","12","4","True","8","5","8","221372","15595","18","253","3071","2421","1597640428746","3537682902"
"142","14","4","False","2","5","0","44885","5498","10","96","1056","3802","1597638534079","3537617740"
"516","12","4","False","2","2","0","44405","5247","11","118","1054","3001","1597638534079","3537617740"
"202","7","4","False","0","1","1","45202","4811","8","119","1042","1018","1597638534079","3537617740"
"876","4","11","False","0","4","1","75923","4609","9","17","2031","1052","1597638534079","3537617740"
"497","4","14","False","0","1","1","13726","3270","7","24","3859","3009","1597638534079","3537617740"
"81","4","7","True","1","0","2","65938","6976","9","162","1001","3057","1597638534079","3537617740"
"25","4","14","True","0","0","3","10286","4317","8","6","2031","3851","1597638534079","3537617740"
"82","4","12","True","1","2","2","44572","4852","10","82","3151","2055","1597638534079","3537617740"
"875","4","6","True","3","1","3","73847","7494","12","122","2031","3111","1597638534079","3537617740"
"76","4","11","True","8","1","1","109942","8310","12","9","1414","2031","1597638534079","3537617740"
"16","3","4","True","0","4","19","10711","7106","13","9","3222","3174","1597633260251","3537541881"
"236","4","7","True","4","3","8","126628","10301","14","196","1055","2055","1597633260251","3537541881"
"61","4","12","True","9","4","14","165423","13102","16","191","3020","3040","1597633260251","3537541881"
"126","12","4","True","16","2","9","191668","16610","17","212","3814","3147","1597633260251","3537541881"
"104","4","11","True","8","4","12","206822","13788","16","45","3071","3142","1597633260251","3537541881"
"115","4","12","False","7","6","5","133587","12871","15","200","1056","3020","1597633260251","3537541881"
"31","12","4","False","3","9","2","68863","8600","14","137","3905","3030","1597633260251","3537541881"
"64","11","4","False","1","9","7","124429","8489","14","30","3035","2031","1597633260251","3537541881"
"429","4","7","False","2","4","2","146609","11224","14","256","3006","3153","1597633260251","3537541881"
"80","4","14","False","4","9","4","38360","7024","11","35","2031","3857","1597633260251","3537541881"
"104","4","11","True","6","3","8","176572","11021","14","24","1412","0","1597625365204","3537338226"
"84","4","14","True","6","1","1","106319","10742","14","191","2055","2421","1597625365204","3537338226"
"51","7","4","True","3","3","5","110461","9382","11","178","1055","3031","1597625365204","3537338226"
"99","14","4","True","1","5","4","10501","5586","10","4","3222","3851","1597625365204","3537338226"
"30","4","12","True","8","4","9","105143","11190","14","139","3151","3027","1597625365204","3537338226"
"114","4","14","False","3","6","1","70491","7796","13","143","3057","3153","1597625365204","3537338226"
"202","4","7","False","7","1","2","111072","9576","11","195","3009","3031","1597625365204","3537338226"
"412","4","14","False","1","4","10","13721","5770","9","25","3105","3855","1597625365204","3537338226"
"39","14","4","False","1","7","2","72127","6824","12","155","2033","3153","1597625365204","3537338226"
"876","4","11","False","4","6","2","100880","7383","11","19","1402","3157","1597625365204","3537338226"
"268","4","12","False","1","1","0","59563","6228","11","144","0","1056","1597292459734","3532608121"
"202","4","7","False","0","3","0","50799","4898","9","122","1055","1055","1597292459734","3532608121"
"223","4","14","False","0","5","0","10629","3080","7","25","1031","2423","1597292459734","3532608121"
"875","11","4","False","1","3","0","63268","4541","9","11","2031","0","1597292459734","3532608121"
"41","4","12","False","1","3","0","52305","6063","11","114","1055","2033","1597292459734","3532608121"
"98","12","4","True","0","0","7","35984","4588","11","76","1054","2031","1597292459734","3532608121"
"51","4","7","True","6","1","2","70433","8042","10","162","3006","1038","1597292459734","3532608121"
"432","4","14","True","1","1","9","13199","4477","9","7","2031","3851","1597292459734","3532608121"
"164","4","11","True","5","2","4","73601","6352","10","15","1412","3044","1597292459734","3532608121"
"84","4","12","True","3","0","3","56875","6227","11","125","0","2031","1597292459734","3532608121"
"350","3","7","False","0","3","4","6844","3906","8","7","2055","3851","1597208328686","3531455818"
"39","12","4","False","5","6","1","71228","7681","11","137","3105","3153","1597208328686","3531455818"
"81","1","4","False","0","3","1","42486","4781","10","104","3070","2031","1597208328686","3531455818"
"421","11","4","False","3","3","4","91525","7026","10","3","1400","1001","1597208328686","3531455818"
"26","12","4","False","1","2","0","74442","5526","12","137","1082","2033","1597208328686","3531455818"
"4","12","4","True","0","2","5","84155","6946","11","143","3027","2033","1597208328686","3531455818"
"164","4","12","True","6","3","4","59008","7902","11","108","3077","2031","1597208328686","3531455818"
"76","11","4","True","5","1","4","112603","7956","12","14","2031","1414","1597208328686","3531455818"
"51","4","7","True","6","1","2","108577","10380","10","173","3006","3031","1597208328686","3531455818"
"99","4","3","True","0","2","12","21263","6545","10","8","2031","3853","1597208328686","3531455818"
"421","11","4","True","14","3","10","110374","11638","12","14","1400","2031","1597201849722","3531087779"
"51","4","7","True","6","4","11","91369","10008","11","154","3006","3095","1597201849722","3531087779"
"25","4","14","True","2","3","19","21749","7184","11","12","3009","3853","1597201849722","3531087779"
"50","4","3","True","9","3","17","102687","11010","13","144","3047","3151","1597201849722","3531087779"
"79","4","12","True","2","5","9","72818","8247","12","111","3108","3152","1597201849722","3531087779"
"81","4","7","False","1","4","5","51405","6437","11","142","1055","3158","1597201849722","3531087779"
"98","4","14","False","2","8","5","11274","5045","9","27","3109","3111","1597201849722","3531087779"
"57","4","12","False","1","7","5","48387","5668","11","97","3065","1029","1597201849722","3531087779"
"28","11","4","False","7","9","3","78442","9204","11","18","1402","3020","1597201849722","3531087779"
"246","4","14","False","5","5","4","77603","7795","13","134","3147","3134","1597201849722","3531087779"
"51","4","7","True","2","1","9","133774","10271","13","189","3006","3095","1597198987507","3531047910"
"43","4","14","True","1","3","13","27619","7004","12","13","3009","3853","1597198987507","3531047910"
"84","4","12","True","11","2","4","113877","11903","15","178","3146","3157","1597198987507","3531047910"
"120","11","6","True","6","2","8","168528","10703","14","25","3140","1400","1597198987507","3531047910"
"157","4","14","True","4","4","5","105935","9718","14","167","1055","1053","1597198987507","3531047910"
"8","12","4","False","1","5","4","106550","7955","13","173","3907","3108","1597198987507","3531047910"
"16","4","3","False","1","6","6","17520","5517","11","27","3853","1028","1597198987507","3531047910"
"81","4","7","False","1","6","6","77270","7954","11","160","3042","1036","1597198987507","3531047910"
"72","4","11","False","1","0","5","121151","7896","13","43","1401","3024","1597198987507","3531047910"
"80","12","4","False","8","7","3","83111","10200","13","148","2033","3133","1597198987507","3531047910"
"432","3","4","True","0","6","12","21476","7378","14","41","3860","3222","1597196059643","3531008128"
"164","4","12","True","4","3","5","177119","13392","17","234","3123","3078","1597196059643","3531008128"
"51","4","1","True","5","4","6","189464","12634","15","241","0","0","1597196059643","3531008128"
"79","11","4","True","2","4","13","163461","10607","15","36","3020","1402","1597196059643","3531008128"
"246","4","14","True","15","2","4","135133","14986","16","188","3147","3036","1597196059643","3531008128"
"84","12","4","False","4","6","0","119563","10475","14","202","1056","3146","1597196059643","3531008128"
"22","4","7","False","3","6","8","147833","11618","14","243","3006","3153","1597196059643","3531008128"
"412","4","14","False","2","3","8","22175","7439","12","42","3193","3857","1597196059643","3531008128"
"92","4","12","False","8","5","5","190248","14981","17","226","3047","1038","1597196059643","3531008128"
"121","4","11","False","2","6","5","172271","10310","14","16","1400","3814","1597196059643","3531008128"
"54","12","4","True","6","5","17","113913","12297","16","159","3075","0","1597126333599","3530188702"
"22","7","4","True","5","4","19","158224","13227","16","187","3006","3153","1597126333599","3530188702"
"104","11","4","True","12","2","9","293707","16817","18","77","1412","3046","1597126333599","3530188702"
"117","4","3","True","0","4","24","23314","8803","15","52","3860","3107","1597126333599","3530188702"
"84","4","12","True","8","6","10","140215","13451","16","180","3111","3151","1597126333599","3530188702"
"76","4","11","False","3","6","12","163429","10656","15","32","1414","3116","1597126333599","3530188702"
"3","12","4","False","5","7","10","151813","13564","16","232","3020","3152","1597126333599","3530188702"
"429","4","7","False","8","5","6","172055","14250","15","245","3006","3153","1597126333599","3530188702"
"875","4","14","False","2","7","10","37581","7697","13","43","1031","3857","1597126333599","3530188702"
"62","4","12","False","3","6","9","157291","11718","15","194","3812","3077","1597126333599","3530188702"
"16","7","4","False","0","4","6","10873","5550","11","31","3860","3114","1597124299611","3530193565"
"72","4","11","False","2","4","7","121253","8885","13","26","3800","2055","1597124299611","3530193565"
"236","4","1","False","6","6","3","114589","10259","13","178","2033","3508","1597124299611","3530193565"
"45","4","12","False","3","6","1","85884","8071","12","164","3009","3905","1597124299611","3530193565"
"10","12","4","False","2","6","3","100706","8995","13","170","3115","3006","1597124299611","3530193565"
"429","4","7","True","12","0","3","170848","15129","15","244","3006","3153","1597124299611","3530193565"
"25","4","14","True","1","2","13","21396","7675","12","15","2065","3853","1597124299611","3530193565"
"516","4","12","True","2","4","9","91944","8398","14","150","1054","3373","1597124299611","3530193565"
"142","14","4","True","2","6","10","100725","9179","14","160","3020","1058","1597124299611","3530193565"
"121","4","11","True","9","1","10","175910","11148","15","10","3147","3071","1597124299611","3530193565"
"4","4","14","True","15","7","19","176008","18256","17","163","3027","3100","1597121073985","3530115333"
"60","11","4","True","8","9","14","175516","12734","16","11","1414","2420","1597121073985","3530115333"
"875","14","4","True","10","8","18","54338","12226","14","55","3857","3143","1597121073985","3530115333"
"120","14","12","True","14","7","12","198449","16862","17","213","3026","3078","1597121073985","3530115333"
"235","1","4","True","2","8","25","97932","11659","15","170","1055","2421","1597121073985","3530115333"
"14","12","4","False","7","9","21","130982","11773","16","146","3068","2033","1597121073985","3530115333"
"22","4","1","False","10","9","8","179156","14988","15","244","3006","3153","1597121073985","3530115333"
"412","4","3","False","0","11","21","27860","8220","13","38","3190","3857","1597121073985","3530115333"
"84","4","12","False","10","9","11","105319","12555","15","145","1058","3136","1597121073985","3530115333"
"121","11","4","False","12","11","14","159722","12425","15","15","1412","3812","1597121073985","3530115333"
"51","4","7","False","3","6","3","157587","10771","13","231","3006","3086","1597117954137","3530055851"
"25","4","14","False","4","6","6","19106","7422","12","18","2031","3853","1597117954137","3530055851"
"39","12","4","False","0","3","3","119607","9758","15","241","3047","3153","1597117954137","3530055851"
"203","11","4","False","7","3","4","146998","10906","14","42","1412","1038","1597117954137","3530055851"
"61","4","12","False","2","4","5","118810","9162","14","195","3108","2055","1597117954137","3530055851"
"76","4","11","True","3","0","9","225894","11832","16","45","3102","1414","1597117954137","3530055851"
"114","12","4","True","3","1","1","178806","12024","17","251","3078","3074","1597117954137","3530055851"
"69","4","12","True","6","8","5","138801","12089","16","190","3040","3165","1597117954137","3530055851"
"21","7","4","True","8","3","5","174369","12922","15","237","3094","3508","1597117954137","3530055851"
"12","14","4","True","2","4","12","24358","8080","12","30","3047","2065","1597117954137","3530055851"
"236","4","7","True","8","3","9","162996","13197","14","235","3153","3071","1597113347731","3530020316"
"875","11","4","True","10","3","8","142568","11419","14","28","0","1401","1597113347731","3530020316"
"4","12","4","True","3","0","12","157279","12609","16","211","1004","3094","1597113347731","3530020316"
"8","12","4","True","5","3","6","159172","12155","15","206","3907","3020","1597113347731","3530020316"
"412","4","14","True","3","3","19","21926","8430","12","32","3857","3222","1597113347731","3530020316"
"41","12","4","False","3","5","5","191802","12098","16","247","3078","3508","1597113347731","3530020316"
"142","4","12","False","1","5","3","90055","8471","14","155","3285","3020","1597113347731","3530020316"
"76","4","11","False","3","4","2","184304","10634","14","26","1414","3027","1597113347731","3530020316"
"51","4","7","False","5","6","2","183417","13200","13","222","3006","3095","1597113347731","3530020316"
"25","4","14","False","0","9","6","15874","6816","11","15","3114","3853","1597113347731","3530020316"
"104","4","11","True","7","4","10","207015","11978","16","55","3814","3123","1597110728561","3529893170"
"22","7","4","True","11","5","7","152424","13125","14","198","3031","3153","1597110728561","3529893170"
"84","4","12","True","7","4","3","107229","11012","15","205","3191","3916","1597110728561","3529893170"
"39","4","14","True","5","6","2","101684","9633","14","180","2033","3078","1597110728561","3529893170"
"117","4","3","True","1","2","21","27230","7903","13","33","3860","3107","1597110728561","3529893170"
"7","12","4","False","3","3","9","92777","9686","15","167","2033","1058","1597110728561","3529893170"
"236","4","7","False","10","7","0","113289","11874","13","194","3006","3153","1597110728561","3529893170"
"53","4","14","False","1","6","9","22405","6261","12","30","2031","3857","1597110728561","3529893170"
"876","4","11","False","3","7","9","156952","9647","14","38","1402","3151","1597110728561","3529893170"
"92","4","12","False","4","8","5","101665","9162","14","151","3111","3812","1597110728561","3529893170"
"39","14","4","True","8","6","12","301598","20788","18","345","3153","3091","1596951246141","3527579252"
"24","4","12","True","9","8","6","309219","18554","18","307","3071","3153","1596951246141","3527579252"
"76","4","11","True","6","5","14","282181","16960","18","65","3020","3157","1596951246141","3527579252"
"235","4","7","True","4","4","12","193578","16936","18","271","3042","3094","1596951246141","3527579252"
"111","4","14","True","2","9","12","51973","10503","16","54","3050","3193","1596951246141","3527579252"
"82","12","4","False","3","12","8","198375","13854","18","226","3089","3157","1596951246141","3527579252"
"236","4","7","False","11","1","14","414551","23263","18","415","3047","3153","1596951246141","3527579252"
"3","4","3","False","3","5","11","63952","10405","17","51","3047","3860","1596951246141","3527579252"
"104","11","4","False","5","7","10","326861","17047","18","124","1412","3179","1596951246141","3527579252"
"245","12","4","False","10","5","6","265751","17541","18","253","3152","1026","1596951246141","3527579252"
"58","4","12","False","2","2","4","122255","10609","15","201","1028","3812","1596947149747","3527477703"
"7","12","4","False","0","4","4","70931","7309","13","156","2033","2055","1596947149747","3527477703"
"60","11","4","False","8","5","4","106523","9016","12","23","3151","0","1596947149747","3527477703"
"79","4","14","False","4","5","3","21695","7224","11","42","3050","3860","1596947149747","3527477703"
"157","4","3","False","1","8","5","66329","7529","11","151","1055","3046","1596947149747","3527477703"
"84","4","12","True","12","2","3","126998","13039","15","209","3111","1026","1596947149747","3527477703"
"236","4","7","True","6","2","10","116306","11541","14","217","3006","3153","1596947149747","3527477703"
"3","4","3","True","3","4","9","34273","7351","12","33","3800","3860","1596947149747","3527477703"
"121","11","4","True","2","2","11","141288","8390","14","10","1412","2031","1596947149747","3527477703"
"126","12","4","True","1","5","7","123795","9253","15","184","3134","3071","1596947149747","3527477703"
"875","4","3","True","4","1","7","20173","5301","8","26","3742","3855","1596940753418","3527337629"
"523","7","4","True","2","1","6","52519","6957","10","130","0","1042","1596940753418","3527337629"
"76","4","11","True","10","0","3","93918","7834","11","22","1414","2031","1596940753418","3527337629"
"126","4","12","True","3","4","3","59420","5935","10","106","2033","2055","1596940753418","3527337629"
"43","12","4","True","1","1","6","54115","6064","10","120","3174","3158","1596940753418","3527337629"
"518","4","14","False","1","4","0","46704","4845","9","106","3030","2423","1596940753418","3527337629"
"85","12","4","False","3","3","2","39548","5669","11","108","2031","3191","1596940753418","3527337629"
"120","11","6","False","1","5","2","80988","5455","9","9","3057","2031","1596940753418","3527337629"
"429","4","7","False","2","5","0","47316","5707","9","131","3006","3153","1596940753418","3527337629"
"412","4","14","False","0","3","3","10060","3819","8","25","2031","3855","1596940753418","3527337629"
